date_time,category,account,amount,currency,tags
2025-11-30 00:00:00,Health,acct_1,114.0,BYN,tag_1
2025-11-29 00:00:00,Food,acct_1,5.0,BYN,tag_1
2025-11-27 00:00:00,Public transport,acct_2,1.0,BYN,tag_1
2025-11-27 00:00:00,Cafe,acct_1,10.0,BYN,tag_1
2025-11-27 00:00:00,Public transport,acct_2,1.0,BYN,tag_1
2025-11-26 00:00:00,Cafe,acct_3,2.0,BYN,tag_1
2025-11-26 00:00:00,Public transport,acct_2,1.0,BYN,tag_1
2025-11-25 00:00:00,Public transport,acct_2,1.0,BYN,tag_1
2025-11-25 00:00:00,Public transport,acct_2,1.0,BYN,tag_1
2025-11-25 00:00:00,Cafe,acct_1,11.0,BYN,tag_1
2025-11-25 00:00:00,Taxi,acct_1,18.0,BYN,tag_1
2025-11-24 00:00:00,Food,acct_1,9.0,BYN,tag_1
2025-11-24 00:00:00,Public transport,acct_2,1.0,BYN,tag_1
2025-11-24 00:00:00,Public transport,acct_2,1.0,BYN,tag_1
2025-11-24 00:00:00,Cafe,acct_3,4.0,BYN,tag_1
2025-11-24 00:00:00,Public transport,acct_2,1.0,BYN,tag_1
2025-11-24 00:00:00,Public transport,acct_2,1.0,BYN,tag_1
2025-11-22 00:00:00,Food,acct_1,11.0,BYN,tag_1
2025-11-21 00:00:00,Public transport,acct_2,2.0,BYN,tag_1
2025-11-21 00:00:00,Cafe,acct_1,11.0,BYN,tag_1
2025-11-21 00:00:00,Public transport,acct_2,1.0,BYN,tag_1
2025-11-21 00:00:00,Public transport,acct_2,1.0,BYN,tag_1
2025-11-20 00:00:00,Public transport,acct_2,1.0,BYN,tag_1
2025-11-20 00:00:00,Public transport,acct_2,2.0,BYN,tag_1
2025-11-20 00:00:00,Cafe,acct_1,9.0,BYN,tag_1
2025-11-20 00:00:00,Public transport,acct_2,1.0,BYN,tag_1
2025-11-20 00:00:00,Cafe,acct_3,8.0,BYN,tag_1
2025-11-19 00:00:00,Public transport,acct_2,1.0,BYN,tag_1
2025-11-18 00:00:00,Gifts,acct_1,79.0,BYN,tag_1
2025-11-18 00:00:00,Public transport,acct_2,1.0,BYN,tag_1
2025-11-18 00:00:00,Cafe,acct_3,2.0,BYN,tag_1
2025-11-18 00:00:00,Cafe,acct_1,5.0,BYN,tag_1
2025-11-18 00:00:00,Taxi,acct_1,9.0,BYN,tag_1
2025-11-18 00:00:00,Public transport,acct_2,1.0,BYN,tag_1
2025-11-18 00:00:00,Cafe,acct_3,3.0,BYN,tag_1
2025-11-17 00:00:00,Public transport,acct_2,1.0,BYN,tag_1
2025-11-17 00:00:00,Cafe,acct_3,3.0,BYN,tag_1
2025-11-17 00:00:00,Cafe,acct_3,2.0,BYN,tag_1
2025-11-17 00:00:00,Public transport,acct_2,1.0,BYN,tag_1
2025-11-16 00:00:00,Public transport,acct_2,2.0,BYN,tag_1
2025-11-15 00:00:00,Food,acct_3,3.0,BYN,tag_1
2025-11-15 00:00:00,Public transport,acct_2,1.0,BYN,tag_1
2025-11-15 00:00:00,Food,acct_3,3.0,BYN,tag_1
2025-11-15 00:00:00,Cafe,acct_3,3.0,BYN,tag_1
2025-11-15 00:00:00,Public transport,acct_2,1.0,BYN,tag_1
2025-11-13 00:00:00,Public transport,acct_2,1.0,BYN,tag_1
2025-11-13 00:00:00,Loan given,acct_1,23.0,BYN,tag_1
2025-11-13 00:00:00,Cafe,acct_1,4.0,BYN,tag_1
2025-11-13 00:00:00,Public transport,acct_2,2.0,BYN,tag_1
2025-11-13 00:00:00,Public transport,acct_2,1.0,BYN,tag_1
2025-11-13 00:00:00,Public transport,acct_2,1.0,BYN,tag_1
2025-11-13 00:00:00,Health,acct_1,36.0,BYN,tag_1
2025-11-13 00:00:00,Public transport,acct_2,1.0,BYN,tag_1
2025-11-12 00:00:00,Cafe,acct_1,10.0,BYN,tag_1
2025-11-12 00:00:00,Public transport,acct_2,1.0,BYN,tag_1
2025-11-11 00:00:00,Public transport,acct_2,1.0,BYN,tag_1
2025-11-11 00:00:00,Cafe,acct_1,5.0,BYN,tag_1
2025-11-11 00:00:00,Public transport,acct_2,1.0,BYN,tag_1
2025-11-10 00:00:00,Public transport,acct_2,1.0,BYN,tag_1
2025-11-10 00:00:00,Public transport,acct_2,1.0,BYN,tag_1
2025-11-10 00:00:00,Cafe,acct_1,6.0,BYN,tag_1
2025-11-10 00:00:00,Public transport,acct_2,1.0,BYN,tag_1
2025-11-07 00:00:00,Cafe,acct_1,11.0,BYN,tag_1
2025-11-07 00:00:00,Leisure,acct_1,35.0,BYN,tag_1
2025-11-06 00:00:00,Cafe,acct_1,31.0,BYN,tag_1
2025-11-05 00:00:00,Clothes,acct_1,299.0,BYN,tag_1
2025-11-05 00:00:00,Cafe,acct_3,3.0,BYN,tag_1
2025-11-05 00:00:00,Cafe,acct_1,12.0,BYN,tag_1
2025-11-05 00:00:00,Public transport,acct_2,1.0,BYN,tag_1
2025-11-04 00:00:00,Cafe,acct_3,2.0,BYN,tag_1
2025-11-04 00:00:00,Public transport,acct_2,1.0,BYN,tag_1
2025-11-04 00:00:00,Public transport,acct_2,1.0,BYN,tag_1
2025-11-04 00:00:00,Public transport,acct_2,1.0,BYN,tag_1
2025-11-04 00:00:00,Food,acct_3,2.0,BYN,tag_1
2025-11-03 00:00:00,Leisure,acct_3,38.0,BYN,tag_1
2025-11-03 00:00:00,Cafe,acct_3,2.0,BYN,tag_1
2025-11-03 00:00:00,Public transport,acct_2,1.0,BYN,tag_1
2025-11-03 00:00:00,Cafe,acct_1,11.0,BYN,tag_1
2025-11-03 00:00:00,Cafe,acct_3,3.0,BYN,tag_1
2025-11-03 00:00:00,Public transport,acct_2,1.0,BYN,tag_1
2025-11-01 00:00:00,Public transport,acct_2,1.0,BYN,tag_1
2025-11-01 00:00:00,Food,acct_3,2.0,BYN,tag_1
2025-10-31 00:00:00,Public transport,acct_2,1.0,BYN,tag_1
2025-10-31 00:00:00,Public transport,acct_2,1.0,BYN,tag_1
2025-10-31 00:00:00,Gifts,acct_3,30.0,BYN,tag_1
2025-10-30 00:00:00,Health,acct_3,1.0,BYN,tag_1
2025-10-30 00:00:00,Public transport,acct_2,1.0,BYN,tag_1
2025-10-30 00:00:00,Public transport,acct_2,1.0,BYN,tag_1
2025-10-29 00:00:00,Public transport,acct_2,2.0,BYN,tag_1
2025-10-29 00:00:00,Public transport,acct_2,2.0,BYN,tag_1
2025-10-29 00:00:00,Leisure,acct_1,20.0,BYN,tag_1
2025-10-29 00:00:00,Leisure,acct_1,17.0,BYN,tag_1
2025-10-29 00:00:00,Food,acct_3,1.0,BYN,tag_1
2025-10-29 00:00:00,Food,acct_1,22.0,BYN,tag_1
2025-10-29 00:00:00,Public transport,acct_2,2.0,BYN,tag_1
2025-10-29 00:00:00,Cafe,acct_3,1.0,BYN,tag_1
2025-10-29 00:00:00,Cafe,acct_1,5.0,BYN,tag_1
2025-10-28 00:00:00,Public transport,acct_3,1.0,BYN,tag_1
2025-10-28 00:00:00,Food,acct_3,1.0,BYN,tag_1
2025-10-28 00:00:00,Public transport,acct_2,2.0,BYN,tag_1
2025-10-28 00:00:00,Bought for myself,acct_1,64.0,BYN,tag_1
2025-10-28 00:00:00,Cafe,acct_1,5.0,BYN,tag_1
2025-10-28 00:00:00,Public transport,acct_2,1.0,BYN,tag_1
2025-10-28 00:00:00,Food,acct_3,2.0,BYN,tag_1
2025-10-26 00:00:00,Public transport,acct_1,5.0,BYN,tag_1
2025-10-26 00:00:00,Health,acct_1,128.0,BYN,tag_1
2025-10-26 00:00:00,Gifts,acct_1,44.0,BYN,tag_1
2025-10-26 00:00:00,Public transport,acct_1,5.0,BYN,tag_1
2025-10-26 00:00:00,Food,acct_1,6.0,BYN,tag_1
2025-10-25 00:00:00,Food,acct_1,4.0,BYN,tag_1
2025-10-25 00:00:00,Cafe,acct_1,11.0,BYN,tag_1
2025-10-25 00:00:00,Public transport,acct_1,5.0,BYN,tag_1
2025-10-24 00:00:00,Public transport,acct_2,1.0,BYN,tag_1
2025-10-24 00:00:00,Taxi,acct_1,10.0,BYN,tag_1
2025-10-23 00:00:00,Cafe,acct_1,17.0,BYN,tag_1
2025-10-21 00:00:00,Public transport,acct_2,1.0,BYN,tag_1
2025-10-21 00:00:00,Public transport,acct_2,2.0,BYN,tag_1
2025-10-21 00:00:00,Cafe,acct_1,9.0,BYN,tag_1
2025-10-21 00:00:00,Cafe,acct_1,6.0,BYN,tag_1
2025-10-21 00:00:00,Public transport,acct_2,2.0,BYN,tag_1
2025-10-20 00:00:00,Public transport,acct_2,2.0,BYN,tag_1
2025-10-20 00:00:00,Public transport,acct_2,1.0,BYN,tag_1
2025-10-20 00:00:00,Cafe,acct_1,4.0,BYN,tag_1
2025-10-20 00:00:00,Public transport,acct_2,1.0,BYN,tag_1
2025-10-19 00:00:00,Gifts,acct_1,43.0,BYN,tag_1
2025-10-19 00:00:00,Food,acct_1,18.0,BYN,tag_1
2025-10-19 00:00:00,Gifts,acct_3,15.0,BYN,tag_1
2025-10-18 00:00:00,Public transport,acct_2,1.0,BYN,tag_1
2025-10-18 00:00:00,Food,acct_1,6.0,BYN,tag_1
2025-10-18 00:00:00,Public transport,acct_2,1.0,BYN,tag_1
2025-10-18 00:00:00,Public transport,acct_2,1.0,BYN,tag_1
2025-10-18 00:00:00,Public transport,acct_2,1.0,BYN,tag_1
2025-10-18 00:00:00,Leisure,acct_3,29.0,BYN,tag_1
2025-10-18 00:00:00,Public transport,acct_2,1.0,BYN,tag_1
2025-10-17 00:00:00,Health,acct_1,70.0,BYN,tag_1
2025-10-16 00:00:00,Public transport,acct_2,1.0,BYN,tag_1
2025-10-16 00:00:00,Public transport,acct_2,1.0,BYN,tag_1
2025-10-16 00:00:00,Public transport,acct_2,1.0,BYN,tag_1
2025-10-16 00:00:00,Cafe,acct_1,5.0,BYN,tag_1
2025-10-16 00:00:00,Public transport,acct_2,1.0,BYN,tag_1
2025-10-15 00:00:00,Loan given,acct_1,854.0,BYN,tag_1
2025-10-15 00:00:00,Other,acct_1,11.0,BYN,tag_1
2025-10-15 00:00:00,Food,acct_3,0.0,BYN,tag_1
2025-10-15 00:00:00,Public transport,acct_2,1.0,BYN,tag_1
2025-10-15 00:00:00,Public transport,acct_2,1.0,BYN,tag_1
2025-10-15 00:00:00,Cafe,acct_3,3.0,BYN,tag_1
2025-10-15 00:00:00,Cafe,acct_1,4.0,BYN,tag_1
2025-10-15 00:00:00,Public transport,acct_2,1.0,BYN,tag_1
2025-10-14 00:00:00,Public transport,acct_2,1.0,BYN,tag_1
2025-10-14 00:00:00,Food,acct_3,1.0,BYN,tag_1
2025-10-14 00:00:00,Gifts,acct_1,27.0,BYN,tag_1
2025-10-14 00:00:00,Food,acct_3,3.0,BYN,tag_1
2025-10-14 00:00:00,Public transport,acct_2,1.0,BYN,tag_1
2025-10-14 00:00:00,Public transport,acct_2,1.0,BYN,tag_1
2025-10-14 00:00:00,Public transport,acct_2,1.0,BYN,tag_1
2025-10-14 00:00:00,Taxi,acct_1,9.0,BYN,tag_1
2025-10-13 00:00:00,Food,acct_3,15.0,BYN,tag_1
2025-10-13 00:00:00,Cafe,acct_3,9.0,BYN,tag_1
2025-10-13 00:00:00,Food,acct_3,1.0,BYN,tag_1
2025-10-13 00:00:00,Leisure,acct_3,35.0,BYN,tag_1
2025-10-12 00:00:00,Public transport,acct_1,5.0,BYN,tag_1
2025-10-10 00:00:00,Public transport,acct_2,1.0,BYN,tag_1
2025-10-10 00:00:00,Food,acct_1,15.0,BYN,tag_1
2025-10-10 00:00:00,Public transport,acct_2,1.0,BYN,tag_1
2025-10-10 00:00:00,Public transport,acct_2,1.0,BYN,tag_1
2025-10-10 00:00:00,Public transport,acct_2,1.0,BYN,tag_1
2025-10-09 00:00:00,Taxi,acct_1,17.0,BYN,tag_1
2025-10-09 00:00:00,Cafe,acct_1,6.0,BYN,tag_1
2025-10-09 00:00:00,Public transport,acct_2,1.0,BYN,tag_2
2025-10-08 00:00:00,Food,acct_1,10.0,BYN,tag_1
2025-10-08 00:00:00,Public transport,acct_3,1.0,BYN,tag_2
2025-10-07 00:00:00,Cafe,acct_3,3.0,BYN,tag_1
2025-10-07 00:00:00,Food,acct_3,2.0,BYN,tag_1
2025-10-07 00:00:00,Taxi,acct_1,14.0,BYN,tag_1
2025-10-06 00:00:00,Public transport,acct_2,2.0,BYN,tag_1
2025-10-06 00:00:00,Gifts,acct_3,15.0,BYN,tag_1
2025-10-06 00:00:00,Cafe,acct_3,3.0,BYN,tag_1
2025-10-06 00:00:00,Public transport,acct_2,1.0,BYN,tag_1
2025-10-05 00:00:00,Public transport,acct_2,1.0,BYN,tag_1
2025-10-05 00:00:00,Public transport,acct_2,1.0,BYN,tag_1
2025-10-04 00:00:00,Public transport,acct_2,1.0,BYN,tag_1
2025-10-04 00:00:00,Food,acct_3,1.0,BYN,tag_1
2025-10-04 00:00:00,Loan given,acct_1,52.0,BYN,tag_1
2025-10-04 00:00:00,Loan given,acct_1,86.0,BYN,tag_1
2025-10-03 00:00:00,Cafe,acct_3,59.0,BYN,tag_1
2025-10-02 00:00:00,Taxi,acct_3,4.0,BYN,tag_1
2025-10-02 00:00:00,Public transport,acct_2,2.0,BYN,tag_1
2025-10-02 00:00:00,Cafe,acct_3,1.0,BYN,tag_1
2025-10-02 00:00:00,Public transport,acct_2,1.0,BYN,tag_1
2025-10-01 00:00:00,Cafe,acct_3,2.0,BYN,tag_1
2025-10-01 00:00:00,Cafe,acct_1,14.0,BYN,tag_1
2025-10-01 00:00:00,Public transport,acct_2,1.0,BYN,tag_1
2025-10-01 00:00:00,Public transport,acct_2,1.0,BYN,tag_1
2025-10-01 00:00:00,Cafe,acct_3,4.0,BYN,tag_1
2025-10-01 00:00:00,Cafe,acct_3,5.0,BYN,tag_1
2025-10-01 00:00:00,Cafe,acct_3,3.0,BYN,tag_1
2025-10-01 00:00:00,Public transport,acct_2,1.0,BYN,tag_1
2025-09-30 00:00:00,Public transport,acct_2,1.0,BYN,tag_1
2025-09-30 00:00:00,Cafe,acct_3,1.0,BYN,tag_1
2025-09-30 00:00:00,University,acct_3,4.0,BYN,tag_1
2025-09-30 00:00:00,Cafe,acct_3,3.0,BYN,tag_1
2025-09-30 00:00:00,Public transport,acct_2,1.0,BYN,tag_1
2025-09-30 00:00:00,Public transport,acct_2,2.0,BYN,tag_1
2025-09-30 00:00:00,Public transport,acct_2,2.0,BYN,tag_3
2025-09-30 00:00:00,Leisure,acct_1,31.0,BYN,tag_1
2025-09-29 00:00:00,Food,acct_3,5.0,BYN,tag_1
2025-09-29 00:00:00,Clothes,acct_1,88.0,BYN,tag_1
2025-09-29 00:00:00,Bought for myself,acct_1,1129.0,BYN,tag_1
2025-09-29 00:00:00,Cafe,acct_3,1.0,BYN,tag_1
2025-09-29 00:00:00,Public transport,acct_2,1.0,BYN,tag_1
2025-09-29 00:00:00,Cafe,acct_3,3.0,BYN,tag_1
2025-09-29 00:00:00,Cafe,acct_3,3.0,BYN,tag_1
2025-09-29 00:00:00,Public transport,acct_2,1.0,BYN,tag_1
2025-09-28 00:00:00,Food,acct_3,9.0,BYN,tag_1
2025-09-28 00:00:00,Public transport,acct_2,1.0,BYN,tag_1
2025-09-28 00:00:00,Public transport,acct_2,1.0,BYN,tag_1
2025-09-27 00:00:00,Public transport,acct_2,1.0,BYN,tag_1
2025-09-27 00:00:00,Food,acct_3,10.0,BYN,tag_1
2025-09-27 00:00:00,Public transport,acct_2,1.0,BYN,tag_1
2025-09-27 00:00:00,Food,acct_3,1.0,BYN,tag_1
2025-09-27 00:00:00,Public transport,acct_2,1.0,BYN,tag_1
2025-09-27 00:00:00,Public transport,acct_2,1.0,BYN,tag_1
2025-09-27 00:00:00,Taxi,acct_3,24.0,BYN,tag_1
2025-09-27 00:00:00,Food,acct_1,65.0,BYN,tag_1
2025-09-26 00:00:00,Taxi,acct_1,25.0,BYN,tag_1
2025-09-26 00:00:00,Leisure,acct_1,232.0,BYN,tag_1
2025-09-26 00:00:00,Cafe,acct_1,5.0,BYN,tag_1
2025-09-25 00:00:00,Food,acct_1,81.0,BYN,tag_1
2025-09-25 00:00:00,Food,acct_1,313.0,BYN,tag_1
2025-09-25 00:00:00,Public transport,acct_2,1.0,BYN,tag_1
2025-09-25 00:00:00,Public transport,acct_2,2.0,BYN,tag_2
2025-09-25 00:00:00,Public transport,acct_2,1.0,BYN,tag_3
2025-09-24 00:00:00,Public transport,acct_2,1.0,BYN,tag_1
2025-09-24 00:00:00,Public transport,acct_2,1.0,BYN,tag_1
2025-09-24 00:00:00,Cafe,acct_1,16.0,BYN,tag_1
2025-09-24 00:00:00,Cafe,acct_1,6.0,BYN,tag_1
2025-09-24 00:00:00,Public transport,acct_2,1.0,BYN,tag_2
2025-09-24 00:00:00,Food,acct_3,1.0,BYN,tag_1
2025-09-24 00:00:00,Food,acct_3,11.0,BYN,tag_1
2025-09-23 00:00:00,Public transport,acct_2,2.0,BYN,tag_2
2025-09-23 00:00:00,Public transport,acct_2,1.0,BYN,tag_2
2025-09-23 00:00:00,Public transport,acct_2,2.0,BYN,tag_1
2025-09-22 00:00:00,Cafe,acct_3,8.0,BYN,tag_1
2025-09-22 00:00:00,Public transport,acct_2,1.0,BYN,tag_1
2025-09-22 00:00:00,Gifts,acct_3,12.0,BYN,tag_1
2025-09-21 00:00:00,Public transport,acct_2,2.0,BYN,tag_1
2025-09-21 00:00:00,Public transport,acct_2,1.0,BYN,tag_1
2025-09-20 00:00:00,Public transport,acct_2,1.0,BYN,tag_1
2025-09-20 00:00:00,Public transport,acct_2,1.0,BYN,tag_4
2025-09-17 00:00:00,Health,acct_1,73.0,BYN,tag_1
2025-09-17 00:00:00,University,acct_1,12.0,BYN,tag_1
2025-09-17 00:00:00,Cafe,acct_3,4.0,BYN,tag_1
2025-09-17 00:00:00,Public transport,acct_2,1.0,BYN,tag_2
2025-09-16 00:00:00,Public transport,acct_2,1.0,BYN,tag_1
2025-09-15 00:00:00,Public transport,acct_2,1.0,BYN,tag_1
2025-09-14 00:00:00,Public transport,acct_2,1.0,BYN,tag_1
2025-09-14 00:00:00,Public transport,acct_2,1.0,BYN,tag_1
2025-09-14 00:00:00,University,acct_1,5.0,BYN,tag_1
2025-09-14 00:00:00,Taxi,acct_1,15.0,BYN,tag_1
2025-09-14 00:00:00,Cafe,acct_1,9.0,BYN,tag_1
2025-09-13 00:00:00,Public transport,acct_2,1.0,BYN,tag_1
2025-09-13 00:00:00,Public transport,acct_2,1.0,BYN,tag_1
2025-09-13 00:00:00,Taxi,acct_1,6.0,BYN,tag_1
2025-09-12 00:00:00,Public transport,acct_2,1.0,BYN,tag_2
2025-09-12 00:00:00,Public transport,acct_2,1.0,BYN,tag_2
2025-09-11 00:00:00,Food,acct_1,10.0,BYN,tag_1
2025-09-11 00:00:00,Public transport,acct_2,2.0,BYN,tag_2
2025-09-11 00:00:00,Loan given,acct_1,457.0,BYN,tag_1
2025-09-11 00:00:00,Public transport,acct_2,2.0,BYN,tag_1
2025-09-11 00:00:00,Cafe,acct_1,9.0,BYN,tag_1
2025-09-10 00:00:00,Food,acct_1,5.0,BYN,tag_1
2025-09-10 00:00:00,Cafe,acct_1,9.0,BYN,tag_1
2025-09-10 00:00:00,Public transport,acct_2,1.0,BYN,tag_1
2025-09-09 00:00:00,Food,acct_1,6.0,BYN,tag_1
2025-09-09 00:00:00,Public transport,acct_2,1.0,BYN,tag_2
2025-09-09 00:00:00,Public transport,acct_2,1.0,BYN,tag_2
2025-09-09 00:00:00,Food,acct_1,6.0,BYN,tag_1
2025-09-09 00:00:00,Public transport,acct_2,1.0,BYN,tag_2
2025-09-08 00:00:00,University,acct_1,17.0,BYN,tag_1
2025-09-08 00:00:00,Public transport,acct_2,2.0,BYN,tag_2
2025-09-08 00:00:00,Public transport,acct_2,1.0,BYN,tag_1
2025-09-07 00:00:00,Taxi,acct_1,18.0,BYN,tag_1
2025-09-07 00:00:00,Public transport,acct_2,1.0,BYN,tag_1
2025-09-06 00:00:00,Taxi,acct_1,20.0,BYN,tag_1
2025-09-06 00:00:00,Public transport,acct_2,1.0,BYN,tag_4
2025-09-06 00:00:00,Public transport,acct_2,2.0,BYN,tag_1
2025-09-06 00:00:00,Food,acct_1,5.0,BYN,tag_1
2025-09-06 00:00:00,Public transport,acct_2,1.0,BYN,tag_2
2025-09-06 00:00:00,Public transport,acct_2,1.0,BYN,tag_2
2025-09-06 00:00:00,Public transport,acct_2,2.0,BYN,tag_2
2025-09-06 00:00:00,Taxi,acct_1,9.0,BYN,tag_1
2025-09-06 00:00:00,Cafe,acct_1,9.0,BYN,tag_1
2025-09-05 00:00:00,Gifts,acct_1,5.0,BYN,tag_1
2025-09-05 00:00:00,Public transport,acct_2,2.0,BYN,tag_2
2025-09-05 00:00:00,Cafe,acct_1,4.0,BYN,tag_1
2025-09-05 00:00:00,Public transport,acct_2,1.0,BYN,tag_2
2025-09-04 00:00:00,Food,acct_1,15.0,BYN,tag_1
2025-09-03 00:00:00,Public transport,acct_2,2.0,BYN,tag_1
2025-09-03 00:00:00,Public transport,acct_1,5.0,BYN,tag_1
2025-09-03 00:00:00,Cafe,acct_1,4.0,BYN,tag_1
2025-09-03 00:00:00,Cafe,acct_1,5.0,BYN,tag_1
2025-09-02 00:00:00,Public transport,acct_2,2.0,BYN,tag_2
2025-09-02 00:00:00,Cafe,acct_1,5.0,BYN,tag_1
2025-09-01 00:00:00,Public transport,acct_2,1.0,BYN,tag_1
2025-09-01 00:00:00,Leisure,acct_1,21.0,BYN,tag_1
2025-09-01 00:00:00,Cafe,acct_1,5.0,BYN,tag_1
2025-08-31 00:00:00,Cafe,acct_1,11.0,BYN,tag_1
2025-08-31 00:00:00,Cafe,acct_1,17.0,BYN,tag_1
2025-08-31 00:00:00,Cafe,acct_1,55.0,BYN,tag_1
2025-08-31 00:00:00,Taxi,acct_1,12.0,BYN,tag_1
2025-08-31 00:00:00,Public transport,acct_1,10.0,BYN,tag_1
2025-08-31 00:00:00,Leisure,acct_1,12.0,BYN,tag_1
2025-08-31 00:00:00,Food,acct_1,10.0,BYN,tag_1
2025-08-30 00:00:00,Cafe,acct_1,22.0,BYN,tag_1
2025-08-30 00:00:00,Bought for myself,acct_1,9.0,BYN,tag_1
2025-08-30 00:00:00,Public transport,acct_1,10.0,BYN,tag_1
2025-08-29 00:00:00,Public transport,acct_2,1.0,BYN,tag_1
2025-08-28 00:00:00,Public transport,acct_2,1.0,BYN,tag_4
2025-08-28 00:00:00,Gifts,acct_1,11.0,BYN,tag_1
2025-08-28 00:00:00,Leisure,acct_1,93.0,BYN,tag_1
2025-08-28 00:00:00,Gifts,acct_1,32.0,BYN,tag_1
2025-08-28 00:00:00,Public transport,acct_2,2.0,BYN,tag_4
2025-08-27 00:00:00,Public transport,acct_2,1.0,BYN,tag_4
2025-08-27 00:00:00,Public transport,acct_2,1.0,BYN,tag_4
2025-08-27 00:00:00,Cafe,acct_3,13.0,BYN,tag_1
2025-08-27 00:00:00,Cafe,acct_1,6.0,BYN,tag_1
2025-08-26 00:00:00,Public transport,acct_2,1.0,BYN,tag_4
2025-08-26 00:00:00,Food,acct_3,1.0,BYN,tag_1
2025-08-26 00:00:00,Food,acct_3,2.0,BYN,tag_1
2025-08-26 00:00:00,Public transport,acct_2,1.0,BYN,tag_4
2025-08-25 00:00:00,Public transport,acct_2,1.0,BYN,tag_4
2025-08-25 00:00:00,Food,acct_3,3.0,BYN,tag_1
2025-08-25 00:00:00,Public transport,acct_2,1.0,BYN,tag_4
2025-08-25 00:00:00,Public transport,acct_2,1.0,BYN,tag_4
2025-08-23 00:00:00,Food,acct_1,55.0,BYN,tag_1
2025-08-23 00:00:00,Public transport,acct_2,1.0,BYN,tag_4
2025-08-23 00:00:00,Public transport,acct_2,1.0,BYN,tag_4
2025-08-22 00:00:00,Food,acct_3,4.0,BYN,tag_1
2025-08-22 00:00:00,Food,acct_3,6.0,BYN,tag_1
2025-08-22 00:00:00,Food,acct_3,1.0,BYN,tag_1
2025-08-22 00:00:00,Public transport,acct_2,1.0,BYN,tag_4
2025-08-22 00:00:00,Leisure,acct_1,16.0,BYN,tag_1
2025-08-22 00:00:00,Food,acct_3,1.0,BYN,tag_1
2025-08-21 00:00:00,Food,acct_3,5.0,BYN,tag_1
2025-08-20 00:00:00,Cafe,acct_3,8.0,BYN,tag_1
2025-08-20 00:00:00,Leisure,acct_1,5.0,BYN,tag_1
2025-08-20 00:00:00,Public transport,acct_2,1.0,BYN,tag_4
2025-08-20 00:00:00,Taxi,acct_1,12.0,BYN,tag_1
2025-08-19 00:00:00,Public transport,acct_1,5.0,BYN,tag_1
2025-08-19 00:00:00,Bought for myself,acct_1,71.0,BYN,tag_1
2025-08-18 00:00:00,Public transport,acct_2,1.0,BYN,tag_1
2025-08-17 00:00:00,Food,acct_1,6.0,BYN,tag_1
2025-08-17 00:00:00,Cafe,acct_1,20.0,BYN,tag_1
2025-08-17 00:00:00,Leisure,acct_1,11.0,BYN,tag_1
2025-08-17 00:00:00,Food,acct_1,5.0,BYN,tag_1
2025-08-16 00:00:00,Gifts,acct_1,10.0,BYN,tag_1
2025-08-16 00:00:00,Food,acct_1,5.0,BYN,tag_1
2025-08-15 00:00:00,Food,acct_3,0.0,BYN,tag_1
2025-08-15 00:00:00,Food,acct_1,22.0,BYN,tag_1
2025-08-15 00:00:00,Public transport,acct_2,1.0,BYN,tag_4
2025-08-15 00:00:00,Food,acct_1,5.0,BYN,tag_1
2025-08-15 00:00:00,Public transport,acct_2,1.0,BYN,tag_1
2025-08-15 00:00:00,Public transport,acct_2,1.0,BYN,tag_4
2025-08-14 00:00:00,Food,acct_1,11.0,BYN,tag_1
2025-08-13 00:00:00,Public transport,acct_2,1.0,BYN,tag_1
2025-08-13 00:00:00,Public transport,acct_2,1.0,BYN,tag_4
2025-08-13 00:00:00,Public transport,acct_2,1.0,BYN,tag_3
2025-08-12 00:00:00,Public transport,acct_2,1.0,BYN,tag_3
2025-08-12 00:00:00,Public transport,acct_2,1.0,BYN,tag_4
2025-08-12 00:00:00,Public transport,acct_2,1.0,BYN,tag_1
2025-08-12 00:00:00,Leisure,acct_1,25.0,BYN,tag_1
2025-08-11 00:00:00,Food,acct_1,5.0,BYN,tag_1
2025-08-11 00:00:00,Public transport,acct_1,5.0,BYN,tag_4
2025-08-08 00:00:00,Food,acct_1,4.0,BYN,tag_1
2025-08-06 00:00:00,Food,acct_3,2.0,BYN,tag_1
2025-08-05 00:00:00,Food,acct_1,10.0,BYN,tag_1
2025-08-05 00:00:00,Food,acct_3,2.0,BYN,tag_1
2025-08-05 00:00:00,Loan given,acct_1,59.0,BYN,tag_1
2025-08-04 00:00:00,Public transport,acct_2,3.0,BYN,tag_4
2025-08-04 00:00:00,Food,acct_1,5.0,BYN,tag_1
2025-08-04 00:00:00,Taxi,acct_1,5.0,BYN,tag_1
2025-08-03 00:00:00,Cafe,acct_1,9.0,BYN,tag_1
2025-08-03 00:00:00,Cafe,acct_1,5.0,BYN,tag_1
2025-08-03 00:00:00,Cafe,acct_1,34.0,BYN,tag_1
2025-08-02 00:00:00,Cafe,acct_1,18.0,BYN,tag_1
2025-08-01 00:00:00,Food,acct_3,5.0,BYN,tag_1
2025-08-01 00:00:00,Public transport,acct_2,1.0,BYN,tag_4
2025-07-31 00:00:00,Health,acct_3,31.0,BYN,tag_1
2025-07-31 00:00:00,Public transport,acct_2,1.0,BYN,tag_4
2025-07-31 00:00:00,Food,acct_3,14.0,BYN,tag_1
2025-07-31 00:00:00,Leisure,acct_1,10.0,BYN,tag_1
2025-07-30 00:00:00,Public transport,acct_2,1.0,BYN,tag_4
2025-07-30 00:00:00,Public transport,acct_2,1.0,BYN,tag_4
2025-07-29 00:00:00,Other,acct_3,0.0,BYN,tag_1
2025-07-28 00:00:00,Health,acct_1,12.0,BYN,tag_1
2025-07-23 00:00:00,Food,acct_1,16.0,BYN,tag_1
2025-07-22 00:00:00,Public transport,acct_2,2.0,BYN,tag_4
2025-07-22 00:00:00,Food,acct_3,0.0,BYN,tag_1
2025-07-22 00:00:00,Food,acct_1,6.0,BYN,tag_1
2025-07-22 00:00:00,Public transport,acct_2,1.0,BYN,tag_4
2025-07-21 00:00:00,Food,acct_1,27.0,BYN,tag_1
2025-07-21 00:00:00,Food,acct_1,4.0,BYN,tag_1
2025-07-21 00:00:00,Public transport,acct_2,1.0,BYN,tag_4
2025-07-21 00:00:00,Food,acct_3,1.0,BYN,tag_1
2025-07-21 00:00:00,Public transport,acct_2,1.0,BYN,tag_4
2025-07-21 00:00:00,Food,acct_3,3.0,BYN,tag_1
2025-07-21 00:00:00,Leisure,acct_3,11.0,BYN,tag_1
2025-07-20 00:00:00,Taxi,acct_3,14.0,BYN,tag_1
2025-07-20 00:00:00,Public transport,acct_2,2.0,BYN,tag_3
2025-07-20 00:00:00,Job,acct_1,64.0,BYN,tag_1
2025-07-20 00:00:00,Cafe,acct_1,8.0,BYN,tag_1
2025-07-20 00:00:00,Food,acct_1,10.0,BYN,tag_1
2025-07-20 00:00:00,Leisure,acct_1,11.0,BYN,tag_1
2025-07-19 00:00:00,Food,acct_1,40.0,BYN,tag_1
2025-07-19 00:00:00,Job,acct_3,11.0,BYN,tag_1
2025-07-18 00:00:00,Public transport,acct_2,1.0,BYN,tag_4
2025-07-17 00:00:00,Public transport,acct_2,1.0,BYN,tag_4
2025-07-17 00:00:00,Health,acct_1,36.0,BYN,tag_1
2025-07-17 00:00:00,Public transport,acct_2,1.0,BYN,tag_4
2025-07-16 00:00:00,Fines,acct_1,24.0,BYN,tag_1
2025-07-16 00:00:00,Food,acct_1,4.0,BYN,tag_1
2025-07-16 00:00:00,Taxi,acct_1,21.0,BYN,tag_1
2025-07-16 00:00:00,Public transport,acct_2,1.0,BYN,tag_4
2025-07-16 00:00:00,Public transport,acct_2,1.0,BYN,tag_4
2025-07-16 00:00:00,Public transport,acct_2,1.0,BYN,tag_4
2025-07-15 00:00:00,Public transport,acct_2,1.0,BYN,tag_4
2025-07-12 00:00:00,Gifts,acct_1,36.0,BYN,tag_1
2025-07-12 00:00:00,Food,acct_1,12.0,BYN,tag_1
2025-07-12 00:00:00,Food,acct_1,4.0,BYN,tag_1
2025-07-12 00:00:00,Food,acct_1,5.0,BYN,tag_1
2025-07-11 00:00:00,Gifts,acct_1,4.0,BYN,tag_1
2025-07-11 00:00:00,Public transport,acct_2,1.0,BYN,tag_4
2025-07-11 00:00:00,Cafe,acct_3,1.0,BYN,tag_1
2025-07-11 00:00:00,Food,acct_1,27.0,BYN,tag_1
2025-07-09 00:00:00,Public transport,acct_2,1.0,BYN,tag_4
2025-07-09 00:00:00,Public transport,acct_2,1.0,BYN,tag_4
2025-07-09 00:00:00,Food,acct_1,5.0,BYN,tag_1
2025-07-09 00:00:00,Public transport,acct_2,1.0,BYN,tag_4
2025-07-09 00:00:00,Cafe,acct_3,14.0,BYN,tag_1
2025-07-09 00:00:00,Cafe,acct_3,4.0,BYN,tag_1
2025-07-08 00:00:00,Cafe,acct_3,1.0,BYN,tag_1
2025-07-08 00:00:00,Cafe,acct_3,10.0,BYN,tag_1
2025-07-07 00:00:00,Job,acct_3,32.0,BYN,2th_work
2025-07-07 00:00:00,Public transport,acct_2,1.0,BYN,tag_4
2025-07-07 00:00:00,Taxi,acct_1,9.0,BYN,tag_1
2025-07-07 00:00:00,Taxi,acct_1,17.0,BYN,tag_1
2025-07-07 00:00:00,Cafe,acct_3,3.0,BYN,tag_1
2025-07-07 00:00:00,Cafe,acct_1,10.0,BYN,tag_1
2025-07-06 00:00:00,Food,acct_1,6.0,BYN,tag_1
2025-07-06 00:00:00,Food,acct_3,1.0,BYN,tag_1
2025-07-06 00:00:00,Food,acct_1,11.0,BYN,tag_1
2025-07-06 00:00:00,Leisure,acct_1,28.0,BYN,tag_1
2025-07-06 00:00:00,Food,acct_1,23.0,BYN,tag_1
2025-07-06 00:00:00,Loan given,acct_1,17.0,BYN,tag_1
2025-07-05 00:00:00,Taxi,acct_1,11.0,BYN,tag_1
2025-07-05 00:00:00,Food,acct_1,5.0,BYN,tag_1
2025-07-04 00:00:00,Food,acct_1,15.0,BYN,tag_1
2025-07-04 00:00:00,Public transport,acct_2,1.0,BYN,tag_4
2025-07-04 00:00:00,Public transport,acct_2,2.0,BYN,tag_1
2025-07-04 00:00:00,Public transport,acct_2,1.0,BYN,tag_4
2025-07-04 00:00:00,Leisure,acct_1,21.0,BYN,tag_1
2025-07-03 00:00:00,Cafe,acct_1,9.0,BYN,tag_1
2025-07-03 00:00:00,Public transport,acct_2,1.0,BYN,tag_3
2025-07-02 00:00:00,Gifts,acct_1,59.0,BYN,tag_1
2025-07-02 00:00:00,Food,acct_1,5.0,BYN,tag_1
2025-07-02 00:00:00,Public transport,acct_2,1.0,BYN,tag_4
2025-07-02 00:00:00,Food,acct_1,4.0,BYN,tag_1
2025-07-02 00:00:00,Public transport,acct_2,1.0,BYN,tag_4
2025-07-02 00:00:00,Public transport,acct_2,1.0,BYN,tag_4
2025-07-01 00:00:00,Food,acct_1,4.0,BYN,tag_1
2025-06-30 00:00:00,Food,acct_1,6.0,BYN,tag_1
2025-06-30 00:00:00,Cafe,acct_1,21.0,BYN,tag_1
2025-06-30 00:00:00,Public transport,acct_2,1.0,BYN,tag_4
2025-06-30 00:00:00,Food,acct_1,8.0,BYN,tag_1
2025-06-30 00:00:00,Public transport,acct_2,1.0,BYN,tag_4
2025-06-29 00:00:00,Food,acct_1,17.0,BYN,tag_1
2025-06-28 00:00:00,Leisure,acct_3,11.0,BYN,tag_1
2025-06-28 00:00:00,Cafe,acct_1,20.0,BYN,tag_1
2025-06-28 00:00:00,Public transport,acct_2,1.0,BYN,tag_2
2025-06-28 00:00:00,Food,acct_1,6.0,BYN,tag_1
2025-06-27 00:00:00,Taxi,acct_1,18.0,BYN,tag_1
2025-06-27 00:00:00,Food,acct_1,5.0,BYN,tag_1
2025-06-27 00:00:00,Public transport,acct_2,1.0,BYN,tag_4
2025-06-27 00:00:00,Public transport,acct_2,1.0,BYN,tag_3
2025-06-27 00:00:00,Public transport,acct_2,1.0,BYN,tag_4
2025-06-26 00:00:00,Cafe,acct_1,11.0,BYN,tag_1
2025-06-26 00:00:00,Public transport,acct_2,1.0,BYN,tag_4
2025-06-25 00:00:00,Public transport,acct_2,1.0,BYN,tag_4
2025-06-25 00:00:00,Food,acct_1,6.0,BYN,tag_1
2025-06-25 00:00:00,Public transport,acct_2,1.0,BYN,tag_4
2025-06-25 00:00:00,Public transport,acct_2,1.0,BYN,tag_4
2025-06-25 00:00:00,Food,acct_1,5.0,BYN,tag_1
2025-06-24 00:00:00,Taxi,acct_1,16.0,BYN,tag_1
2025-06-24 00:00:00,Cafe,acct_1,4.0,BYN,tag_1
2025-06-24 00:00:00,Public transport,acct_2,2.0,BYN,tag_2
2025-06-23 00:00:00,Cafe,acct_1,16.0,BYN,tag_1
2025-06-22 00:00:00,Leisure,acct_1,8.0,BYN,tag_1
2025-06-21 00:00:00,Health,acct_1,25.0,BYN,tag_1
2025-06-20 00:00:00,Food,acct_3,2.0,BYN,tag_1
2025-06-20 00:00:00,Public transport,acct_2,1.0,BYN,tag_4
2025-06-20 00:00:00,Public transport,acct_2,1.0,BYN,tag_4
2025-06-20 00:00:00,Taxi,acct_1,21.0,BYN,tag_5
2025-06-20 00:00:00,Cafe,acct_3,3.0,BYN,tag_1
2025-06-20 00:00:00,Cafe,acct_1,29.0,BYN,tag_1
2025-06-20 00:00:00,Public transport,acct_2,2.0,BYN,tag_2
2025-06-19 00:00:00,Cafe,acct_1,15.0,BYN,tag_1
2025-06-19 00:00:00,Taxi,acct_1,11.0,BYN,2th_work
2025-06-18 00:00:00,Leisure,acct_1,28.0,BYN,tag_1
2025-06-18 00:00:00,Public transport,acct_2,1.0,BYN,tag_4
2025-06-18 00:00:00,Public transport,acct_2,1.0,BYN,tag_4
2025-06-17 00:00:00,Public transport,acct_2,1.0,BYN,tag_4
2025-06-16 00:00:00,Public transport,acct_2,1.0,BYN,tag_6
2025-06-16 00:00:00,Public transport,acct_2,1.0,BYN,tag_6
2025-06-16 00:00:00,Health,acct_1,5.0,BYN,tag_1
2025-06-16 00:00:00,Food,acct_1,5.0,BYN,tag_1
2025-06-16 00:00:00,Public transport,acct_2,1.0,BYN,tag_2
2025-06-16 00:00:00,Cafe,acct_1,6.0,BYN,tag_1
2025-06-16 00:00:00,Public transport,acct_2,1.0,BYN,tag_2
2025-06-14 00:00:00,Public transport,acct_2,1.0,BYN,tag_4
2025-06-14 00:00:00,Taxi,acct_1,16.0,BYN,tag_1
2025-06-13 00:00:00,Public transport,acct_2,1.0,BYN,tag_4
2025-06-12 00:00:00,Food,acct_1,16.0,BYN,tag_1
2025-06-11 00:00:00,Health,acct_1,43.0,BYN,tag_1
2025-06-11 00:00:00,Food,acct_1,11.0,BYN,tag_1
2025-06-11 00:00:00,Public transport,acct_2,1.0,BYN,tag_2
2025-06-10 00:00:00,Taxi,acct_3,13.0,BYN,tag_1
2025-06-10 00:00:00,Taxi,acct_1,10.0,BYN,tag_1
2025-06-10 00:00:00,Health,acct_1,12.0,BYN,tag_1
2025-06-10 00:00:00,Public transport,acct_2,1.0,BYN,tag_4
2025-06-10 00:00:00,Health,acct_1,43.0,BYN,tag_1
2025-06-10 00:00:00,Public transport,acct_2,1.0,BYN,tag_4
2025-06-10 00:00:00,Public transport,acct_2,1.0,BYN,tag_4
2025-06-09 00:00:00,Food,acct_1,10.0,BYN,tag_1
2025-06-09 00:00:00,Taxi,acct_3,11.0,BYN,tag_1
2025-06-09 00:00:00,Public transport,acct_2,1.0,BYN,tag_4
2025-06-09 00:00:00,Loan given,acct_1,18.0,BYN,tag_1
2025-06-08 00:00:00,Food,acct_3,19.0,BYN,tag_1
2025-06-08 00:00:00,Gifts,acct_1,10.0,BYN,tag_1
2025-06-07 00:00:00,Public transport,acct_2,1.0,BYN,tag_4
2025-06-07 00:00:00,Food,acct_1,10.0,BYN,tag_1
2025-06-06 00:00:00,Taxi,acct_1,15.0,BYN,tag_1
2025-06-06 00:00:00,Food,acct_1,6.0,BYN,tag_1
2025-06-04 00:00:00,Health,acct_1,27.0,BYN,tag_1
2025-06-04 00:00:00,Public transport,acct_2,1.0,BYN,tag_2
2025-06-03 00:00:00,Public transport,acct_2,1.0,BYN,tag_2
2025-06-03 00:00:00,Food,acct_1,23.0,BYN,tag_1
2025-06-03 00:00:00,Public transport,acct_2,1.0,BYN,tag_2
2025-06-03 00:00:00,Public transport,acct_2,1.0,BYN,tag_2
2025-06-03 00:00:00,Cafe,acct_1,5.0,BYN,tag_1
2025-06-03 00:00:00,Public transport,acct_2,1.0,BYN,tag_2
2025-06-02 00:00:00,Public transport,acct_2,1.0,BYN,tag_4
2025-06-02 00:00:00,Public transport,acct_1,5.0,BYN,tag_4
2025-06-02 00:00:00,Food,acct_1,6.0,BYN,tag_1
2025-06-02 00:00:00,Food,acct_3,1.0,BYN,tag_1
2025-05-30 00:00:00,Public transport,acct_2,1.0,BYN,tag_2
2025-05-30 00:00:00,Public transport,acct_2,1.0,BYN,tag_2
2025-05-30 00:00:00,Food,acct_1,11.0,BYN,tag_1
2025-05-29 00:00:00,Cafe,acct_3,3.0,BYN,tag_1
2025-05-29 00:00:00,Cafe,acct_3,2.0,BYN,tag_1
2025-05-29 00:00:00,Public transport,acct_2,1.0,BYN,tag_3
2025-05-29 00:00:00,University,acct_3,2.0,BYN,tag_1
2025-05-28 00:00:00,Public transport,acct_2,2.0,BYN,tag_6
2025-05-28 00:00:00,Public transport,acct_2,1.0,BYN,tag_2
2025-05-28 00:00:00,Cafe,acct_3,6.0,BYN,tag_1
2025-05-28 00:00:00,Public transport,acct_2,1.0,BYN,tag_3
2025-05-27 00:00:00,Public transport,acct_2,1.0,BYN,tag_2
2025-05-27 00:00:00,Cafe,acct_3,3.0,BYN,tag_1
2025-05-27 00:00:00,Cafe,acct_3,1.0,BYN,tag_1
2025-05-27 00:00:00,Public transport,acct_2,1.0,BYN,tag_2
2025-05-25 00:00:00,Cafe,acct_3,2.0,BYN,tag_1
2025-05-25 00:00:00,Taxi,acct_3,18.0,BYN,tag_1
2025-05-25 00:00:00,Gifts,acct_1,139.0,BYN,tag_1
2025-05-24 00:00:00,Public transport,acct_2,2.0,BYN,tag_2
2025-05-24 00:00:00,Cafe,acct_1,20.0,BYN,tag_1
2025-05-24 00:00:00,Leisure,acct_3,42.0,BYN,tag_1
2025-05-24 00:00:00,Taxi,acct_1,24.0,BYN,tag_1
2025-05-23 00:00:00,Public transport,acct_2,1.0,BYN,tag_4
2025-05-23 00:00:00,Public transport,acct_2,1.0,BYN,tag_2
2025-05-23 00:00:00,Cafe,acct_3,1.0,BYN,tag_1
2025-05-23 00:00:00,Public transport,acct_2,1.0,BYN,tag_2
2025-05-22 00:00:00,Cafe,acct_3,2.0,BYN,tag_1
2025-05-22 00:00:00,Public transport,acct_2,1.0,BYN,tag_2
2025-05-21 00:00:00,Public transport,acct_2,1.0,BYN,tag_6
2025-05-21 00:00:00,Public transport,acct_2,1.0,BYN,tag_2
2025-05-21 00:00:00,Cafe,acct_3,3.0,BYN,tag_1
2025-05-21 00:00:00,Cafe,acct_3,1.0,BYN,tag_1
2025-05-21 00:00:00,Public transport,acct_2,1.0,BYN,tag_2
2025-05-20 00:00:00,Public transport,acct_2,1.0,BYN,tag_3
2025-05-20 00:00:00,Public transport,acct_2,1.0,BYN,tag_4
2025-05-20 00:00:00,Public transport,acct_2,1.0,BYN,tag_2
2025-05-19 00:00:00,Job,acct_3,3.0,BYN,2th_work
2025-05-19 00:00:00,Job,acct_3,23.0,BYN,tag_1
2025-05-18 00:00:00,Gifts,acct_1,9.0,BYN,tag_1
2025-05-18 00:00:00,Food,acct_1,6.0,BYN,tag_1
2025-05-16 00:00:00,Cafe,acct_1,6.0,BYN,tag_1
2025-05-16 00:00:00,Taxi,acct_1,14.0,BYN,tag_1
2025-05-15 00:00:00,Public transport,acct_2,1.0,BYN,tag_1
2025-05-15 00:00:00,Public transport,acct_2,1.0,BYN,tag_4
2025-05-15 00:00:00,Public transport,acct_2,1.0,BYN,tag_2
2025-05-15 00:00:00,Gifts,acct_1,33.0,BYN,tag_1
2025-05-15 00:00:00,Cafe,acct_1,6.0,BYN,tag_1
2025-05-15 00:00:00,Public transport,acct_2,1.0,BYN,tag_2
2025-05-14 00:00:00,Public transport,acct_2,1.0,BYN,tag_2
2025-05-14 00:00:00,Cafe,acct_1,5.0,BYN,tag_1
2025-05-14 00:00:00,Public transport,acct_2,1.0,BYN,tag_2
2025-05-13 00:00:00,Public transport,acct_2,1.0,BYN,tag_4
2025-05-13 00:00:00,Public transport,acct_2,1.0,BYN,tag_4
2025-05-13 00:00:00,Public transport,acct_2,1.0,BYN,tag_2
2025-05-13 00:00:00,Cafe,acct_1,8.0,BYN,tag_1
2025-05-12 00:00:00,Gifts,acct_1,42.0,BYN,tag_1
2025-05-12 00:00:00,Public transport,acct_2,1.0,BYN,tag_1
2025-05-12 00:00:00,Cafe,acct_1,5.0,BYN,tag_1
2025-05-11 00:00:00,Taxi,acct_1,10.0,BYN,tag_1
2025-05-09 00:00:00,Cafe,acct_1,11.0,BYN,tag_1
2025-05-09 00:00:00,Gifts,acct_1,9.0,BYN,tag_1
2025-05-09 00:00:00,Gifts,acct_1,8.0,BYN,tag_1
2025-05-08 00:00:00,Public transport,acct_2,1.0,BYN,tag_2
2025-05-07 00:00:00,Public transport,acct_2,1.0,BYN,tag_4
2025-05-07 00:00:00,Cafe,acct_1,5.0,BYN,tag_1
2025-05-07 00:00:00,Public transport,acct_2,1.0,BYN,tag_2
2025-05-07 00:00:00,Public transport,acct_2,1.0,BYN,tag_2
2025-05-06 00:00:00,Public transport,acct_2,1.0,BYN,tag_3
2025-05-06 00:00:00,Public transport,acct_2,1.0,BYN,tag_4
2025-05-06 00:00:00,Public transport,acct_2,1.0,BYN,tag_2
2025-05-06 00:00:00,Public transport,acct_2,1.0,BYN,tag_2
2025-05-05 00:00:00,Food,acct_1,4.0,BYN,tag_1
2025-05-05 00:00:00,Taxi,acct_1,14.0,BYN,tag_1
2025-05-05 00:00:00,Cafe,acct_1,5.0,BYN,tag_1
2025-05-05 00:00:00,Public transport,acct_2,1.0,BYN,tag_2
2025-05-04 00:00:00,Food,acct_3,1.0,BYN,tag_1
2025-05-04 00:00:00,Cafe,acct_1,17.0,BYN,tag_1
2025-05-03 00:00:00,Public transport,acct_2,1.0,BYN,tag_2
2025-05-03 00:00:00,Taxi,acct_1,16.0,BYN,tag_1
2025-05-02 00:00:00,Leisure,acct_1,33.0,BYN,tag_1
2025-05-02 00:00:00,Public transport,acct_2,1.0,BYN,tag_2
2025-05-02 00:00:00,Cafe,acct_1,4.0,BYN,tag_1
2025-05-01 00:00:00,Taxi,acct_1,12.0,BYN,tag_1
2025-05-01 00:00:00,Food,acct_1,11.0,BYN,tag_1
2025-04-29 00:00:00,Other,acct_1,654.0,BYN,tag_1
2025-04-28 00:00:00,Food,acct_1,5.0,BYN,tag_1
2025-04-27 00:00:00,Cafe,acct_3,0.0,BYN,tag_1
2025-04-27 00:00:00,Cafe,acct_3,0.0,BYN,tag_1
2025-04-27 00:00:00,Cafe,acct_1,5.0,BYN,tag_1
2025-04-27 00:00:00,Leisure,acct_1,5.0,BYN,tag_1
2025-04-26 00:00:00,Taxi,acct_1,12.0,BYN,tag_1
2025-04-26 00:00:00,Cafe,acct_1,5.0,BYN,tag_1
2025-04-25 00:00:00,Food,acct_1,16.0,BYN,tag_1
2025-04-25 00:00:00,Cafe,acct_3,2.0,BYN,tag_1
2025-04-25 00:00:00,Health,acct_1,25.0,BYN,tag_1
2025-04-25 00:00:00,Taxi,acct_1,11.0,BYN,tag_1
2025-04-23 00:00:00,Public transport,acct_2,1.0,BYN,tag_6
2025-04-23 00:00:00,Public transport,acct_2,1.0,BYN,tag_4
2025-04-23 00:00:00,Public transport,acct_2,1.0,BYN,tag_3
2025-04-23 00:00:00,Public transport,acct_2,1.0,BYN,tag_3
2025-04-23 00:00:00,Public transport,acct_2,1.0,BYN,tag_3
2025-04-22 00:00:00,Food,acct_3,2.0,BYN,tag_1
2025-04-22 00:00:00,Cafe,acct_1,23.0,BYN,tag_1
2025-04-22 00:00:00,Public transport,acct_2,1.0,BYN,tag_3
2025-04-22 00:00:00,Public transport,acct_2,1.0,BYN,tag_3
2025-04-21 00:00:00,Public transport,acct_2,1.0,BYN,tag_6
2025-04-21 00:00:00,Public transport,acct_2,1.0,BYN,tag_2
2025-04-21 00:00:00,Public transport,acct_2,1.0,BYN,tag_3
2025-04-19 00:00:00,Food,acct_3,2.0,BYN,tag_1
2025-04-18 00:00:00,Cafe,acct_1,15.0,BYN,tag_1
2025-04-18 00:00:00,Gifts,acct_3,12.0,BYN,tag_1
2025-04-18 00:00:00,Public transport,acct_2,1.0,BYN,tag_3
2025-04-18 00:00:00,Public transport,acct_2,1.0,BYN,tag_3
2025-04-17 00:00:00,Public transport,acct_2,1.0,BYN,tag_3
2025-04-16 00:00:00,Public transport,acct_2,1.0,BYN,tag_6
2025-04-16 00:00:00,Cafe,acct_3,1.0,BYN,tag_1
2025-04-16 00:00:00,Public transport,acct_2,1.0,BYN,tag_2
2025-04-16 00:00:00,Public transport,acct_2,1.0,BYN,tag_2
2025-04-15 00:00:00,Public transport,acct_2,1.0,BYN,tag_4
2025-04-15 00:00:00,Cafe,acct_1,5.0,BYN,tag_1
2025-04-15 00:00:00,Cafe,acct_1,6.0,BYN,tag_1
2025-04-15 00:00:00,Public transport,acct_2,1.0,BYN,tag_4
2025-04-14 00:00:00,Public transport,acct_2,1.0,BYN,tag_2
2025-04-14 00:00:00,Public transport,acct_2,1.0,BYN,tag_6
2025-04-14 00:00:00,Public transport,acct_2,1.0,BYN,tag_2
2025-04-14 00:00:00,Gifts,acct_1,9.0,BYN,tag_1
2025-04-14 00:00:00,Cafe,acct_3,3.0,BYN,tag_1
2025-04-12 00:00:00,Public transport,acct_2,1.0,BYN,tag_2
2025-04-12 00:00:00,Public transport,acct_2,1.0,BYN,tag_2
2025-04-11 00:00:00,Clothes,acct_1,161.0,BYN,tag_1
2025-04-11 00:00:00,Public transport,acct_2,1.0,BYN,tag_2
2025-04-10 00:00:00,Public transport,acct_2,1.0,BYN,tag_2
2025-04-10 00:00:00,Cafe,acct_1,6.0,BYN,tag_1
2025-04-10 00:00:00,Taxi,acct_1,9.0,BYN,tag_1
2025-04-10 00:00:00,Public transport,acct_2,1.0,BYN,tag_3
2025-04-09 00:00:00,Public transport,acct_2,1.0,BYN,tag_3
2025-04-09 00:00:00,Food,acct_1,11.0,BYN,tag_1
2025-04-09 00:00:00,Cafe,acct_1,4.0,BYN,tag_1
2025-04-09 00:00:00,Public transport,acct_2,1.0,BYN,tag_2
2025-04-09 00:00:00,Cafe,acct_1,6.0,BYN,tag_1
2025-04-08 00:00:00,Public transport,acct_2,1.0,BYN,tag_3
2025-04-08 00:00:00,Public transport,acct_2,1.0,BYN,tag_3
2025-04-08 00:00:00,Public transport,acct_2,1.0,BYN,tag_2
2025-04-08 00:00:00,Cafe,acct_1,6.0,BYN,tag_1
2025-04-08 00:00:00,Taxi,acct_1,9.0,BYN,tag_1
2025-04-07 00:00:00,Public transport,acct_2,1.0,BYN,tag_2
2025-04-07 00:00:00,Cafe,acct_3,3.0,BYN,tag_1
2025-04-07 00:00:00,Leisure,acct_3,41.0,BYN,tag_1
2025-04-07 00:00:00,Public transport,acct_2,1.0,BYN,tag_2
2025-04-05 00:00:00,Taxi,acct_1,5.0,BYN,tag_1
2025-04-05 00:00:00,Taxi,acct_1,13.0,BYN,tag_1
2025-04-04 00:00:00,Public transport,acct_2,1.0,BYN,tag_2
2025-04-04 00:00:00,Cafe,acct_3,3.0,BYN,tag_1
2025-04-04 00:00:00,Public transport,acct_2,1.0,BYN,tag_2
2025-04-03 00:00:00,Food,acct_1,14.0,BYN,tag_1
2025-04-03 00:00:00,Cafe,acct_3,3.0,BYN,tag_1
2025-04-03 00:00:00,Public transport,acct_2,1.0,BYN,tag_2
2025-04-03 00:00:00,Cafe,acct_3,3.0,BYN,tag_1
2025-04-02 00:00:00,Public transport,acct_2,1.0,BYN,tag_6
2025-04-02 00:00:00,Food,acct_3,4.0,BYN,tag_1
2025-04-02 00:00:00,Public transport,acct_2,1.0,BYN,tag_6
2025-04-02 00:00:00,Public transport,acct_2,1.0,BYN,tag_3
2025-04-02 00:00:00,Public transport,acct_2,2.0,BYN,tag_3
2025-04-02 00:00:00,Taxi,acct_3,7.0,BYN,tag_1
2025-04-02 00:00:00,Cafe,acct_1,6.0,BYN,tag_1
2025-04-02 00:00:00,Cafe,acct_3,1.0,BYN,tag_1
2025-04-02 00:00:00,Public transport,acct_2,1.0,BYN,tag_1
2025-04-01 00:00:00,Public transport,acct_2,1.0,BYN,tag_3
2025-04-01 00:00:00,Public transport,acct_2,1.0,BYN,tag_3
2025-04-01 00:00:00,Public transport,acct_2,1.0,BYN,tag_2
2025-04-01 00:00:00,Cafe,acct_3,2.0,BYN,tag_1
2025-04-01 00:00:00,Cafe,acct_3,3.0,BYN,tag_1
2025-04-01 00:00:00,Public transport,acct_2,1.0,BYN,tag_2
2025-03-31 00:00:00,Public transport,acct_2,1.0,BYN,tag_2
2025-03-31 00:00:00,Taxi,acct_3,15.0,BYN,tag_1
2025-03-31 00:00:00,Other,acct_3,12.0,BYN,tag_1
2025-03-31 00:00:00,Public transport,acct_2,1.0,BYN,tag_2
2025-03-31 00:00:00,Cafe,acct_3,3.0,BYN,tag_1
2025-03-31 00:00:00,Public transport,acct_2,1.0,BYN,tag_1
2025-03-29 00:00:00,Food,acct_3,0.0,BYN,tag_1
2025-03-29 00:00:00,Food,acct_3,9.0,BYN,tag_1
2025-03-28 00:00:00,Taxi,acct_3,3.0,BYN,tag_1
2025-03-28 00:00:00,Taxi,acct_3,2.0,BYN,tag_1
2025-03-28 00:00:00,Other,acct_1,36.0,BYN,tag_1
2025-03-28 00:00:00,Public transport,acct_2,1.0,BYN,tag_2
2025-03-28 00:00:00,Public transport,acct_2,1.0,BYN,tag_4
2025-03-28 00:00:00,Public transport,acct_2,1.0,BYN,tag_2
2025-03-28 00:00:00,Cafe,acct_3,6.0,BYN,tag_1
2025-03-28 00:00:00,Public transport,acct_2,1.0,BYN,tag_2
2025-03-27 00:00:00,Taxi,acct_3,16.0,BYN,tag_1
2025-03-27 00:00:00,Public transport,acct_2,1.0,BYN,tag_3
2025-03-27 00:00:00,Cafe,acct_3,1.0,BYN,tag_1
2025-03-27 00:00:00,Public transport,acct_2,1.0,BYN,tag_2
2025-03-27 00:00:00,Public transport,acct_2,1.0,BYN,tag_2
2025-03-26 00:00:00,Gifts,acct_1,58.0,BYN,tag_1
2025-03-26 00:00:00,Food,acct_3,14.0,BYN,tag_1
2025-03-26 00:00:00,Leisure,acct_1,42.0,BYN,tag_1
2025-03-25 00:00:00,Cafe,acct_3,3.0,BYN,tag_1
2025-03-25 00:00:00,Gifts,acct_1,29.0,BYN,tag_1
2025-03-25 00:00:00,Public transport,acct_2,1.0,BYN,tag_2
2025-03-25 00:00:00,Public transport,acct_2,1.0,BYN,tag_4
2025-03-25 00:00:00,Public transport,acct_2,1.0,BYN,tag_2
2025-03-25 00:00:00,Public transport,acct_2,1.0,BYN,tag_2
2025-03-24 00:00:00,Cafe,acct_3,24.0,BYN,tag_1
2025-03-24 00:00:00,Cafe,acct_3,3.0,BYN,tag_1
2025-03-24 00:00:00,Public transport,acct_2,1.0,BYN,tag_2
2025-03-24 00:00:00,Cafe,acct_3,4.0,BYN,tag_1
2025-03-24 00:00:00,Public transport,acct_2,1.0,BYN,tag_2
2025-03-22 00:00:00,Taxi,acct_1,12.0,BYN,tag_1
2025-03-21 00:00:00,Public transport,acct_2,1.0,BYN,tag_3
2025-03-21 00:00:00,Public transport,acct_2,1.0,BYN,tag_2
2025-03-21 00:00:00,Cafe,acct_3,0.0,BYN,tag_1
2025-03-21 00:00:00,Cafe,acct_1,6.0,BYN,tag_1
2025-03-21 00:00:00,Public transport,acct_2,1.0,BYN,tag_2
2025-03-20 00:00:00,Public transport,acct_2,1.0,BYN,tag_2
2025-03-20 00:00:00,Loan given,acct_1,12.0,BYN,tag_1
2025-03-19 00:00:00,Cafe,acct_1,5.0,BYN,tag_1
2025-03-19 00:00:00,Taxi,acct_1,10.0,BYN,tag_1
2025-03-19 00:00:00,Cafe,acct_1,5.0,BYN,tag_1
2025-03-18 00:00:00,Public transport,acct_2,1.0,BYN,tag_3
2025-03-18 00:00:00,Public transport,acct_2,1.0,BYN,tag_2
2025-03-18 00:00:00,Gifts,acct_1,21.0,BYN,tag_1
2025-03-18 00:00:00,Health,acct_1,6.0,BYN,tag_1
2025-03-18 00:00:00,Other,acct_1,53.0,BYN,tag_1
2025-03-17 00:00:00,Cafe,acct_1,6.0,BYN,tag_1
2025-03-17 00:00:00,Cafe,acct_3,4.0,BYN,tag_1
2025-03-16 00:00:00,Taxi,acct_1,4.0,BYN,tag_1
2025-03-15 00:00:00,Other,acct_1,43.0,BYN,tag_1
2025-03-15 00:00:00,Other,acct_1,33.0,BYN,tag_1
2025-03-13 00:00:00,Gifts,acct_1,34.0,BYN,tag_1
2025-03-13 00:00:00,Gifts,acct_1,24.0,BYN,tag_1
2025-03-13 00:00:00,Public transport,acct_2,1.0,BYN,tag_2
2025-03-13 00:00:00,Public transport,acct_2,1.0,BYN,tag_2
2025-03-12 00:00:00,Public transport,acct_2,1.0,BYN,tag_2
2025-03-12 00:00:00,Public transport,acct_2,1.0,BYN,tag_3
2025-03-12 00:00:00,Public transport,acct_2,1.0,BYN,tag_2
2025-03-12 00:00:00,Public transport,acct_2,1.0,BYN,tag_2
2025-03-12 00:00:00,Gifts,acct_1,82.0,BYN,tag_1
2025-03-11 00:00:00,Gifts,acct_1,6.0,BYN,tag_1
2025-03-11 00:00:00,Other,acct_3,7.0,BYN,tag_1
2025-03-11 00:00:00,Other,acct_3,5.0,BYN,tag_1
2025-03-11 00:00:00,Other,acct_3,36.0,BYN,tag_1
2025-03-10 00:00:00,Cafe,acct_3,1.0,BYN,tag_1
2025-03-10 00:00:00,Cafe,acct_3,3.0,BYN,tag_1
2025-03-10 00:00:00,Public transport,acct_2,1.0,BYN,tag_6
2025-03-09 00:00:00,Other,acct_3,43.0,BYN,tag_1
2025-03-08 00:00:00,Gifts,acct_1,10.0,BYN,tag_1
2025-03-07 00:00:00,Food,acct_1,10.0,BYN,tag_1
2025-03-07 00:00:00,Food,acct_1,4.0,BYN,tag_1
2025-03-07 00:00:00,Cafe,acct_1,6.0,BYN,tag_1
2025-03-07 00:00:00,Taxi,acct_1,11.0,BYN,tag_1
2025-03-06 00:00:00,Public transport,acct_2,1.0,BYN,tag_3
2025-03-06 00:00:00,Public transport,acct_2,1.0,BYN,tag_2
2025-03-06 00:00:00,Public transport,acct_2,1.0,BYN,tag_2
2025-03-05 00:00:00,Loan given,acct_1,1172.0,BYN,tag_1
2025-03-05 00:00:00,Other,acct_1,1156.0,BYN,tag_1
2025-03-05 00:00:00,Cafe,acct_3,2.0,BYN,tag_1
2025-03-05 00:00:00,Gifts,acct_1,11.0,BYN,tag_1
2025-03-05 00:00:00,Public transport,acct_2,1.0,BYN,tag_2
2025-03-05 00:00:00,Public transport,acct_2,1.0,BYN,tag_2
2025-03-05 00:00:00,Gifts,acct_3,8.0,BYN,tag_1
2025-03-04 00:00:00,Gifts,acct_3,0.0,BYN,tag_1
2025-03-04 00:00:00,Gifts,acct_1,5.0,BYN,tag_1
2025-03-04 00:00:00,Gifts,acct_1,89.0,BYN,tag_1
2025-03-04 00:00:00,Public transport,acct_2,1.0,BYN,tag_3
2025-03-04 00:00:00,Public transport,acct_2,1.0,BYN,tag_2
2025-03-04 00:00:00,Cafe,acct_3,3.0,BYN,tag_1
2025-03-04 00:00:00,Public transport,acct_2,1.0,BYN,tag_2
2025-03-03 00:00:00,Public transport,acct_2,0.0,BYN,tag_4
2025-03-03 00:00:00,Public transport,acct_2,1.0,BYN,tag_6
2025-03-03 00:00:00,Public transport,acct_2,1.0,BYN,tag_2
2025-03-01 00:00:00,Cafe,acct_1,24.0,BYN,tag_1
2025-02-28 00:00:00,Food,acct_1,5.0,BYN,tag_1
2025-02-28 00:00:00,Cafe,acct_1,5.0,BYN,tag_1
2025-02-28 00:00:00,Public transport,acct_2,1.0,BYN,tag_2
2025-02-27 00:00:00,Public transport,acct_2,1.0,BYN,tag_3
2025-02-27 00:00:00,Public transport,acct_2,1.0,BYN,tag_2
2025-02-27 00:00:00,Public transport,acct_2,1.0,BYN,tag_2
2025-02-26 00:00:00,Public transport,acct_2,1.0,BYN,tag_3
2025-02-26 00:00:00,Public transport,acct_2,2.0,BYN,tag_4
2025-02-26 00:00:00,Public transport,acct_2,1.0,BYN,tag_2
2025-02-26 00:00:00,Leisure,acct_1,8.0,BYN,tag_1
2025-02-25 00:00:00,Public transport,acct_2,1.0,BYN,tag_3
2025-02-25 00:00:00,Public transport,acct_2,1.0,BYN,tag_3
2025-02-25 00:00:00,Cafe,acct_1,5.0,BYN,tag_1
2025-02-25 00:00:00,Public transport,acct_2,1.0,BYN,tag_2
2025-02-22 00:00:00,Gifts,acct_1,11.0,BYN,tag_1
2025-02-22 00:00:00,Cafe,acct_1,6.0,BYN,tag_1
2025-02-21 00:00:00,Loan given,acct_1,59.0,BYN,tag_1
2025-02-21 00:00:00,Gifts,acct_1,18.0,BYN,tag_1
2025-02-21 00:00:00,Food,acct_1,13.0,BYN,tag_1
2025-02-19 00:00:00,Food,acct_1,21.0,BYN,tag_1
2025-02-19 00:00:00,Public transport,acct_2,1.0,BYN,tag_2
2025-02-19 00:00:00,University,acct_1,8.0,BYN,tag_1
2025-02-19 00:00:00,Public transport,acct_2,1.0,BYN,tag_2
2025-02-18 00:00:00,Cafe,acct_1,71.0,BYN,tag_1
2025-02-18 00:00:00,Public transport,acct_2,1.0,BYN,tag_2
2025-02-18 00:00:00,University,acct_1,10.0,BYN,tag_1
2025-02-18 00:00:00,Public transport,acct_2,1.0,BYN,tag_2
2025-02-17 00:00:00,Health,acct_1,19.0,BYN,tag_1
2025-02-17 00:00:00,Health,acct_1,18.0,BYN,tag_1
2025-02-17 00:00:00,Public transport,acct_2,1.0,BYN,tag_6
2025-02-17 00:00:00,Food,acct_1,5.0,BYN,tag_1
2025-02-17 00:00:00,University,acct_1,13.0,BYN,tag_1
2025-02-15 00:00:00,Cafe,acct_1,6.0,BYN,tag_1
2025-02-15 00:00:00,Public transport,acct_2,1.0,BYN,tag_2
2025-02-14 00:00:00,Food,acct_1,5.0,BYN,tag_1
2025-02-13 00:00:00,University,acct_1,10.0,BYN,tag_1
2025-02-13 00:00:00,Public transport,acct_1,5.0,BYN,tag_1
2025-02-11 00:00:00,Health,acct_1,9.0,BYN,tag_1
2025-02-10 00:00:00,Taxi,acct_1,8.0,BYN,tag_1
2025-02-07 00:00:00,Public transport,acct_2,1.0,BYN,tag_3
2025-02-07 00:00:00,Other,acct_1,16.0,BYN,tag_1
2025-02-07 00:00:00,Public transport,acct_2,1.0,BYN,tag_3
2025-02-07 00:00:00,Public transport,acct_2,1.0,BYN,tag_3
2025-02-06 00:00:00,Cafe,acct_1,17.0,BYN,tag_1
2025-02-06 00:00:00,Food,acct_1,4.0,BYN,tag_1
2025-02-05 00:00:00,Other,acct_1,19.0,BYN,tag_1
2025-02-05 00:00:00,Other,acct_1,48.0,BYN,tag_1
2025-02-05 00:00:00,Other,acct_1,29.0,BYN,tag_1
2025-02-04 00:00:00,Cafe,acct_1,34.0,BYN,tag_1
2025-02-04 00:00:00,Health,acct_1,48.0,BYN,tag_1
2025-02-04 00:00:00,Public transport,acct_2,2.0,BYN,tag_3
2025-02-04 00:00:00,Taxi,acct_1,15.0,BYN,tag_1
2025-02-03 00:00:00,Leisure,acct_1,26.0,BYN,tag_1
2025-02-02 00:00:00,Cafe,acct_1,5.0,BYN,tag_1
2025-01-31 00:00:00,Food,acct_3,1.0,BYN,tag_1
2025-01-31 00:00:00,Other,acct_1,42.0,BYN,tag_1
2025-01-30 00:00:00,Other,acct_1,60.0,BYN,tag_1
2025-01-30 00:00:00,Health,acct_1,23.0,BYN,tag_1
2025-01-30 00:00:00,Public transport,acct_1,5.0,BYN,tag_1
2025-01-29 00:00:00,Food,acct_3,0.0,BYN,tag_1
2025-01-28 00:00:00,Public transport,acct_2,1.0,BYN,tag_3
2025-01-28 00:00:00,Public transport,acct_2,1.0,BYN,tag_3
2025-01-28 00:00:00,Public transport,acct_2,1.0,BYN,tag_3
2025-01-28 00:00:00,Public transport,acct_2,2.0,BYN,tag_4
2025-01-28 00:00:00,Public transport,acct_2,1.0,BYN,tag_3
2025-01-27 00:00:00,Taxi,acct_1,12.0,BYN,tag_1
2025-01-27 00:00:00,Taxi,acct_1,4.0,BYN,tag_1
2025-01-27 00:00:00,Food,acct_1,31.0,BYN,tag_1
2025-01-25 00:00:00,Public transport,acct_2,1.0,BYN,tag_2
2025-01-25 00:00:00,Food,acct_3,0.0,BYN,tag_1
2025-01-25 00:00:00,Public transport,acct_2,1.0,BYN,tag_2
2025-01-24 00:00:00,Food,acct_3,12.0,BYN,tag_1
2025-01-24 00:00:00,Public transport,acct_2,1.0,BYN,tag_3
2025-01-24 00:00:00,Public transport,acct_2,1.0,BYN,tag_3
2025-01-23 00:00:00,Other,acct_1,55.0,BYN,tag_1
2025-01-23 00:00:00,Other,acct_1,210.0,BYN,tag_1
2025-01-23 00:00:00,Other,acct_3,0.0,BYN,tag_1
2025-01-22 00:00:00,Food,acct_3,1.0,BYN,tag_1
2025-01-22 00:00:00,Cafe,acct_1,70.0,BYN,tag_1
2025-01-22 00:00:00,Public transport,acct_2,1.0,BYN,tag_4
2025-01-21 00:00:00,Fines,acct_3,21.0,BYN,tag_1
2025-01-21 00:00:00,Taxi,acct_3,6.0,BYN,tag_1
2025-01-20 00:00:00,Public transport,acct_2,1.0,BYN,tag_6
2025-01-20 00:00:00,Public transport,acct_2,2.0,BYN,tag_2
2025-01-20 00:00:00,Public transport,acct_2,2.0,BYN,tag_2
2025-01-20 00:00:00,Food,acct_3,0.0,BYN,tag_1
2025-01-18 00:00:00,Gifts,acct_3,8.0,BYN,tag_1
2025-01-18 00:00:00,Gifts,acct_1,170.0,BYN,tag_1
2025-01-18 00:00:00,Other,acct_3,61.0,BYN,tag_1
2025-01-18 00:00:00,Food,acct_3,14.0,BYN,tag_1
2025-01-17 00:00:00,Taxi,acct_3,9.0,BYN,tag_1
2025-01-17 00:00:00,Public transport,acct_2,1.0,BYN,tag_3
2025-01-16 00:00:00,Public transport,acct_2,1.0,BYN,tag_3
2025-01-16 00:00:00,Taxi,acct_3,10.0,BYN,tag_1
2025-01-15 00:00:00,Public transport,acct_2,1.0,BYN,tag_4
2025-01-15 00:00:00,Public transport,acct_2,1.0,BYN,tag_4
2025-01-15 00:00:00,Public transport,acct_2,1.0,BYN,tag_2
2025-01-15 00:00:00,Food,acct_3,2.0,BYN,tag_1
2025-01-15 00:00:00,Public transport,acct_2,1.0,BYN,tag_2
2025-01-15 00:00:00,Public transport,acct_2,1.0,BYN,tag_3
2025-01-14 00:00:00,Public transport,acct_2,1.0,BYN,tag_3
2025-01-13 00:00:00,Food,acct_3,1.0,BYN,tag_1
2025-01-13 00:00:00,Food,acct_1,13.0,BYN,tag_1
2025-01-13 00:00:00,Public transport,acct_2,1.0,BYN,tag_6
2025-01-13 00:00:00,Public transport,acct_2,1.0,BYN,tag_4
2025-01-12 00:00:00,Other,acct_3,70.0,BYN,tag_1
2025-01-11 00:00:00,Food,acct_3,6.0,BYN,tag_1
2025-01-10 00:00:00,Public transport,acct_2,1.0,BYN,tag_2
2025-01-10 00:00:00,Public transport,acct_2,1.0,BYN,tag_2
2025-01-09 00:00:00,Taxi,acct_1,14.0,BYN,tag_1
2025-01-08 00:00:00,Taxi,acct_1,15.0,BYN,tag_1
2025-01-07 00:00:00,Food,acct_1,5.0,BYN,tag_1
